Year,Team,ICC_Rank,Batting_Rating,Bowling_Rating,Win_Rate_Last5,Group_Stage_Wins,Avg_Strike_Rate,Avg_Economy_Rate,Tournament_Winner
2000,India,3,7.48,8.46,0.81,2,160.1,6.42,0
2000,Australia,7,9.15,6.5,0.39,1,154.8,7.9,0
2000,England,9,7.66,9.12,0.79,2,147.6,6.43,0
2000,Pakistan,8,7.99,8.7,0.41,4,126.1,6.59,0
2000,New Zealand,1,8.6,7.98,0.77,1,118.3,8.15,0
2000,South Africa,7,8.33,7.78,0.4,3,121.9,9.34,0
2000,West Indies,6,7.25,9.07,0.81,3,117.8,8.77,0
2000,Sri Lanka,2,6.61,8.2,0.88,1,144.9,7.01,0
2000,Bangladesh,3,8.54,8.11,0.98,1,154.7,9.44,1
2000,Afghanistan,8,6.74,9.36,0.34,2,117.3,6.4,0
2001,India,1,8.46,6.8,0.56,1,131.1,7.37,1
2001,Australia,4,8.12,9.49,0.62,3,162.6,6.42,0
2001,England,6,9.35,9.03,0.67,5,159.8,7.59,0
2001,Pakistan,7,9.12,8.03,0.32,0,164.3,8.46,0
2001,New Zealand,5,8.41,8.44,0.57,0,157.2,8.12,0
2001,South Africa,9,6.57,7.37,0.33,4,135.8,8.67,0
2001,West Indies,1,9.49,7.76,0.95,0,153.8,8.32,0
2001,Sri Lanka,8,7.59,9.37,0.59,1,115.4,6.44,0
2001,Bangladesh,1,7.23,8.9,0.99,3,160.1,8.51,0
2001,Afghanistan,10,8.3,7.36,0.56,0,137.4,8.23,0
2002,India,5,6.69,8.69,0.86,2,118.6,8.92,0
2002,Australia,4,7.16,9.04,0.73,5,122.7,8.28,1
2002,England,6,7.13,8.34,0.39,3,137.0,6.43,0
2002,Pakistan,3,6.76,6.86,0.89,3,120.1,8.4,0
2002,New Zealand,3,8.09,7.05,0.36,3,146.0,6.72,0
2002,South Africa,4,8.2,8.34,0.66,0,122.7,6.03,0
2002,West Indies,2,8.07,8.79,0.91,3,164.9,6.49,0
2002,Sri Lanka,5,8.63,7.92,0.47,2,121.2,6.19,0
2002,Bangladesh,4,9.09,7.43,0.57,1,154.1,6.89,0
2002,Afghanistan,6,8.38,7.81,0.91,1,136.4,8.91,0
2003,India,6,8.12,8.31,0.4,4,142.7,7.31,0
2003,Australia,7,7.29,7.82,0.51,1,164.7,7.99,0
2003,England,2,8.12,7.57,0.68,5,160.0,8.71,1
2003,Pakistan,5,9.49,7.69,0.55,2,141.5,9.24,0
2003,New Zealand,1,6.99,6.7,0.68,0,160.9,8.98,0
2003,South Africa,10,7.45,7.42,0.92,4,143.7,7.29,0
2003,West Indies,2,7.37,7.53,0.88,0,148.0,9.15,0
2003,Sri Lanka,10,8.87,6.88,0.58,0,161.2,6.68,0
2003,Bangladesh,9,9.09,7.74,0.88,0,119.6,7.13,0
2003,Afghanistan,1,8.73,7.56,0.49,3,120.9,8.53,0
2004,India,3,8.37,7.02,0.36,4,164.7,8.87,1
2004,Australia,7,8.82,8.0,0.52,4,132.6,7.47,0
2004,England,4,7.56,7.22,0.35,5,145.1,9.33,0
2004,Pakistan,3,9.17,7.3,0.6,1,141.4,6.32,0
2004,New Zealand,6,7.37,7.93,0.73,1,116.4,8.22,0
2004,South Africa,1,7.59,8.57,0.68,5,140.2,9.3,0
2004,West Indies,2,7.01,8.29,0.6,3,119.3,7.68,0
2004,Sri Lanka,8,7.95,7.03,0.83,4,136.4,7.88,0
2004,Bangladesh,8,7.81,7.74,0.37,3,146.7,8.65,0
2004,Afghanistan,7,8.24,7.82,0.34,5,163.4,8.63,0
2005,India,6,7.2,7.84,0.73,3,157.2,6.97,0
2005,Australia,5,8.63,6.66,0.6,5,158.3,6.98,0
2005,England,3,6.88,7.78,0.96,0,128.0,6.1,0
2005,Pakistan,1,7.15,8.27,0.36,4,116.8,7.12,1
2005,New Zealand,1,7.88,9.17,0.73,4,155.9,6.87,0
2005,South Africa,4,7.09,7.35,0.78,4,164.1,6.39,0
2005,West Indies,2,8.0,7.3,0.48,0,123.2,8.99,0
2005,Sri Lanka,9,8.72,6.89,0.56,1,124.0,7.33,0
2005,Bangladesh,1,8.49,7.21,0.86,0,119.6,9.29,0
2005,Afghanistan,6,6.87,6.54,0.45,1,136.2,8.88,0
2006,India,7,7.45,9.29,0.94,5,133.1,8.17,0
2006,Australia,1,8.71,8.86,1.0,0,127.4,6.83,0
2006,England,3,7.37,9.26,0.63,1,118.8,6.03,0
2006,Pakistan,9,9.45,6.59,0.4,4,146.4,9.47,0
2006,New Zealand,3,6.74,7.21,0.62,1,137.2,7.6,0
2006,South Africa,7,6.95,6.66,0.91,4,144.8,6.01,1
2006,West Indies,6,6.66,7.24,0.49,0,149.7,9.0,0
2006,Sri Lanka,5,9.45,7.53,0.87,5,151.0,6.54,0
2006,Bangladesh,10,8.92,7.34,0.91,3,126.4,6.11,0
2006,Afghanistan,8,6.59,9.12,0.73,2,119.4,6.39,0
2007,India,7,9.14,9.37,0.34,3,152.3,7.68,0
2007,Australia,3,6.74,7.36,0.49,2,146.9,7.01,1
2007,England,8,7.82,7.42,0.79,2,133.7,7.59,0
2007,Pakistan,8,8.79,7.74,0.76,0,122.5,6.89,0
2007,New Zealand,3,7.3,8.07,0.34,2,126.2,8.29,0
2007,South Africa,8,7.51,6.64,0.46,5,155.7,8.64,0
2007,West Indies,9,9.27,7.18,0.88,3,160.7,9.43,0
2007,Sri Lanka,10,8.59,6.78,0.83,5,156.6,7.75,0
2007,Bangladesh,2,7.54,8.16,0.83,4,137.3,6.77,0
2007,Afghanistan,9,8.15,8.95,0.46,3,135.0,6.72,0
2008,India,2,8.16,7.83,0.52,0,132.0,7.76,0
2008,Australia,9,8.16,9.21,0.64,4,117.6,6.16,0
2008,England,8,7.3,8.97,0.46,1,125.5,9.11,0
2008,Pakistan,7,8.0,7.02,0.84,5,145.2,7.81,0
2008,New Zealand,10,7.49,7.72,0.44,1,124.2,7.26,0
2008,South Africa,7,6.54,9.0,0.65,2,125.2,9.12,0
2008,West Indies,3,7.3,7.2,0.41,3,120.2,6.9,0
2008,Sri Lanka,7,7.12,7.78,0.72,3,131.8,6.04,0
2008,Bangladesh,1,7.85,7.64,0.39,1,150.0,6.2,0
2008,Afghanistan,2,9.47,9.2,0.51,4,143.9,9.09,1
2009,India,10,6.97,8.03,0.69,1,143.3,8.61,0
2009,Australia,8,6.56,9.29,0.79,2,139.3,7.83,0
2009,England,9,8.73,7.03,0.87,5,155.0,8.54,0
2009,Pakistan,9,8.36,9.19,0.94,5,122.2,7.07,0
2009,New Zealand,8,8.87,7.24,0.84,1,127.7,9.41,0
2009,South Africa,3,6.97,8.66,0.71,1,120.2,6.52,0
2009,West Indies,3,6.79,7.89,0.48,3,143.7,8.87,1
2009,Sri Lanka,3,9.07,6.65,0.34,3,133.5,8.6,0
2009,Bangladesh,5,9.46,9.05,0.44,2,118.1,9.29,0
2009,Afghanistan,2,8.98,8.94,0.59,2,130.5,8.89,0
2010,India,4,6.55,8.7,0.48,4,156.4,7.54,0
2010,Australia,1,8.14,7.89,0.42,3,141.9,7.16,0
2010,England,6,7.52,7.33,0.87,5,119.6,7.32,0
2010,Pakistan,3,8.64,7.13,0.78,1,150.8,9.46,0
2010,New Zealand,7,7.32,7.17,0.74,2,153.9,7.59,0
2010,South Africa,3,7.59,8.15,1.0,4,126.9,7.17,0
2010,West Indies,7,6.82,9.25,0.9,2,160.8,7.97,0
2010,Sri Lanka,1,8.94,9.12,0.31,2,134.3,6.21,1
2010,Bangladesh,4,7.17,8.86,0.3,2,138.7,6.78,0
2010,Afghanistan,6,8.24,6.58,0.41,1,159.2,7.21,0
2011,India,7,7.65,9.19,0.38,1,125.0,7.6,0
2011,Australia,5,8.58,7.6,0.61,5,129.7,8.52,0
2011,England,9,6.57,7.26,0.33,2,121.4,6.25,0
2011,Pakistan,3,8.38,6.71,0.69,4,132.1,9.32,0
2011,New Zealand,4,7.43,7.56,0.81,4,145.2,9.16,0
2011,South Africa,8,7.87,8.66,0.61,0,119.8,7.36,1
2011,West Indies,2,7.16,9.17,0.69,0,141.8,8.37,0
2011,Sri Lanka,1,7.41,7.98,0.91,1,160.8,7.07,0
2011,Bangladesh,3,8.61,8.49,0.55,5,132.0,8.71,0
2011,Afghanistan,8,7.72,7.75,0.34,1,158.1,7.07,0
2012,India,7,8.92,6.86,0.93,3,115.6,6.99,1
2012,Australia,2,7.01,9.12,0.39,2,127.5,7.46,0
2012,England,10,6.67,8.36,0.7,0,128.3,6.14,0
2012,Pakistan,3,8.71,9.0,0.45,0,130.8,8.02,0
2012,New Zealand,5,7.85,6.5,0.54,3,135.7,8.13,0
2012,South Africa,7,8.26,8.88,0.56,2,140.7,7.71,0
2012,West Indies,9,8.84,8.57,0.95,2,144.7,6.68,0
2012,Sri Lanka,2,6.61,8.72,0.99,5,134.0,8.25,0
2012,Bangladesh,6,6.56,7.35,0.41,4,121.0,7.5,0
2012,Afghanistan,7,8.29,8.81,0.61,5,135.8,6.86,0
2013,India,1,6.63,7.69,0.69,4,138.1,6.35,0
2013,Australia,1,9.45,6.51,0.38,3,129.8,8.69,0
2013,England,8,7.54,6.61,0.55,4,149.6,9.13,1
2013,Pakistan,6,8.31,8.38,0.97,3,159.5,6.21,0
2013,New Zealand,1,7.36,8.75,0.8,2,142.9,8.84,0
2013,South Africa,2,7.1,7.2,0.41,2,160.3,6.08,0
2013,West Indies,9,7.51,9.24,0.54,1,128.8,6.78,0
2013,Sri Lanka,3,8.4,8.42,0.36,5,148.6,6.58,0
2013,Bangladesh,7,9.0,6.64,0.99,2,133.8,7.33,0
2013,Afghanistan,1,8.25,8.1,0.6,3,120.0,6.88,0
2014,India,9,7.58,8.07,0.64,0,127.9,6.95,0
2014,Australia,5,9.12,7.87,0.91,2,142.7,8.74,1
2014,England,4,8.59,6.72,0.99,1,150.6,6.99,0
2014,Pakistan,6,8.74,7.7,0.59,3,124.0,6.76,0
2014,New Zealand,4,7.05,6.56,0.32,5,153.2,9.21,0
2014,South Africa,6,8.65,8.22,0.43,5,119.9,9.12,0
2014,West Indies,2,7.93,9.4,0.59,4,148.9,9.41,0
2014,Sri Lanka,7,9.48,7.23,0.43,2,123.1,7.23,0
2014,Bangladesh,8,7.52,6.52,0.85,2,118.7,7.76,0
2014,Afghanistan,7,9.16,7.52,0.85,2,127.9,7.38,0
2015,India,1,7.67,6.97,0.89,1,123.8,6.62,1
2015,Australia,7,8.39,8.4,0.75,0,148.1,8.22,0
2015,England,8,7.87,6.74,0.98,1,134.9,8.24,0
2015,Pakistan,6,9.19,6.73,0.89,0,147.3,8.26,0
2015,New Zealand,10,8.49,7.17,0.96,0,125.9,9.26,0
2015,South Africa,2,7.2,8.86,0.42,5,135.1,8.32,0
2015,West Indies,7,6.95,7.53,0.37,0,127.1,9.12,0
2015,Sri Lanka,8,7.08,7.96,0.66,4,150.0,9.35,0
2015,Bangladesh,2,7.85,7.26,0.56,2,140.5,7.67,0
2015,Afghanistan,3,6.98,8.09,0.46,1,163.6,7.76,0
2016,India,4,8.86,8.74,0.81,5,151.4,6.81,0
2016,Australia,6,8.6,7.65,0.65,3,142.6,7.81,0
2016,England,8,8.23,6.8,0.32,0,120.7,7.26,0
2016,Pakistan,7,8.68,7.5,0.92,2,127.9,6.25,0
2016,New Zealand,9,7.75,9.01,0.42,5,160.2,8.71,0
2016,South Africa,9,8.72,8.92,0.96,5,137.9,9.28,0
2016,West Indies,4,7.16,8.9,0.83,2,143.2,8.2,0
2016,Sri Lanka,1,7.52,8.9,0.86,5,136.7,6.6,0
2016,Bangladesh,6,7.63,8.03,0.47,3,119.7,6.7,0
2016,Afghanistan,10,6.64,8.71,0.32,5,137.3,7.17,1
2017,India,3,7.25,8.15,0.92,2,116.7,9.27,0
2017,Australia,3,8.74,9.4,0.51,3,151.9,6.42,0
2017,England,10,7.38,8.31,0.37,3,136.5,7.26,1
2017,Pakistan,6,6.78,8.69,0.43,1,146.8,8.11,0
2017,New Zealand,10,8.87,8.23,0.34,2,128.1,6.97,0
2017,South Africa,9,7.82,8.74,0.38,4,117.2,7.47,0
2017,West Indies,10,8.32,7.28,0.32,0,136.7,7.45,0
2017,Sri Lanka,9,6.72,9.44,0.8,1,140.4,9.32,0
2017,Bangladesh,4,8.96,8.82,0.38,4,138.8,6.08,0
2017,Afghanistan,1,8.08,8.71,0.58,5,136.4,7.48,0
2018,India,1,6.61,8.43,0.85,2,118.5,6.46,1
2018,Australia,2,6.64,8.86,0.56,5,150.0,6.01,0
2018,England,1,7.31,7.98,0.35,3,129.1,6.43,0
2018,Pakistan,4,7.03,8.99,0.43,3,148.2,8.59,0
2018,New Zealand,6,9.11,7.01,0.6,1,119.0,7.64,0
2018,South Africa,4,6.58,9.11,0.73,2,128.2,7.35,0
2018,West Indies,2,9.39,8.19,0.87,0,127.0,6.9,0
2018,Sri Lanka,10,7.11,7.14,0.57,3,137.4,7.1,0
2018,Bangladesh,9,9.03,8.18,0.9,2,119.3,8.05,0
2018,Afghanistan,8,8.67,7.82,0.53,3,154.7,6.8,0
2019,India,6,8.0,7.88,0.58,3,159.8,8.8,0
2019,Australia,1,8.51,8.38,0.58,3,139.3,7.89,0
2019,England,5,7.97,8.73,0.77,3,141.8,8.57,0
2019,Pakistan,10,8.12,8.23,0.65,1,129.2,7.4,0
2019,New Zealand,2,7.32,6.8,0.47,0,149.2,9.37,0
2019,South Africa,9,7.45,7.81,0.76,5,136.1,6.18,0
2019,West Indies,8,8.6,7.45,0.9,1,158.8,9.27,0
2019,Sri Lanka,10,8.7,6.78,0.41,4,125.8,7.7,0
2019,Bangladesh,10,8.22,7.79,0.91,2,148.1,8.94,0
2019,Afghanistan,3,8.45,6.91,0.43,4,138.5,7.03,1
2020,India,6,8.42,7.84,0.48,5,118.7,8.34,0
2020,Australia,2,8.21,6.82,0.57,1,157.3,6.9,0
2020,England,5,7.13,8.63,0.91,1,164.4,7.4,0
2020,Pakistan,5,8.58,7.65,0.97,2,122.0,7.3,0
2020,New Zealand,10,9.29,6.82,0.65,5,139.3,8.18,0
2020,South Africa,3,8.99,9.13,0.44,1,148.0,7.13,0
2020,West Indies,5,7.4,8.71,0.59,1,160.0,8.81,0
2020,Sri Lanka,7,7.58,8.5,0.4,3,160.2,6.31,0
2020,Bangladesh,3,7.81,8.16,0.67,2,135.5,8.45,0
2020,Afghanistan,6,8.7,9.08,0.45,0,164.0,8.06,1
2021,India,9,9.0,9.4,0.39,5,124.1,8.6,0
2021,Australia,1,8.36,7.67,0.84,3,147.1,7.69,1
2021,England,7,8.42,8.36,0.51,3,161.6,9.11,0
2021,Pakistan,1,7.92,8.85,0.4,0,160.4,8.93,0
2021,New Zealand,2,9.29,7.3,0.35,0,132.9,9.04,0
2021,South Africa,1,7.9,6.8,0.45,5,139.4,7.19,0
2021,West Indies,3,7.67,8.96,0.77,4,139.7,6.78,0
2021,Sri Lanka,4,9.45,7.67,0.82,4,139.7,8.52,0
2021,Bangladesh,4,8.54,8.57,0.92,2,128.0,7.02,0
2021,Afghanistan,1,6.54,8.77,0.49,4,139.9,6.62,0
2022,India,9,8.71,7.95,0.52,5,154.0,8.16,0
2022,Australia,4,8.97,8.79,0.34,2,127.4,6.23,0
2022,England,1,8.47,8.17,0.93,4,133.5,6.5,0
2022,Pakistan,1,8.59,8.41,0.52,5,147.5,6.92,0
2022,New Zealand,4,6.65,7.6,0.32,1,134.1,6.13,0
2022,South Africa,8,8.59,7.25,0.91,2,119.1,7.3,0
2022,West Indies,1,8.08,7.3,0.89,2,130.1,7.72,0
2022,Sri Lanka,7,8.02,8.07,0.84,5,130.4,6.79,1
2022,Bangladesh,3,8.23,7.07,0.96,0,120.1,6.7,0
2022,Afghanistan,7,7.1,8.61,0.9,0,128.9,8.36,0
2023,India,9,7.3,8.74,0.65,1,145.0,9.11,0
2023,Australia,9,7.38,6.94,0.35,0,137.0,7.52,0
2023,England,5,9.44,6.92,0.31,1,150.6,7.8,0
2023,Pakistan,1,8.38,8.18,0.77,2,119.0,7.21,0
2023,New Zealand,7,9.18,7.72,0.53,2,127.9,8.45,0
2023,South Africa,3,7.63,7.57,0.88,5,135.5,7.7,1
2023,West Indies,5,7.33,8.47,0.83,5,130.8,6.59,0
2023,Sri Lanka,8,7.07,8.01,0.67,4,116.7,9.23,0
2023,Bangladesh,8,7.53,8.18,0.48,3,137.0,9.22,0
2023,Afghanistan,5,6.98,6.65,0.47,4,115.4,9.02,0
2024,India,5,7.84,7.93,0.48,1,119.1,6.48,0
2024,Australia,1,8.8,7.67,0.69,3,154.6,6.35,0
2024,England,3,6.54,9.19,0.72,2,120.4,7.52,0
2024,Pakistan,3,6.84,7.21,0.66,4,143.4,6.75,0
2024,New Zealand,1,8.41,7.83,0.73,3,159.1,6.29,0
2024,South Africa,2,9.43,6.52,0.31,5,139.1,7.69,0
2024,West Indies,6,7.19,9.1,0.38,0,152.7,7.99,0
2024,Sri Lanka,7,9.17,8.32,0.43,5,144.7,6.93,1
2024,Bangladesh,2,6.63,9.18,1.0,1,138.8,6.89,0
2024,Afghanistan,7,8.53,8.22,0.35,3,162.8,7.92,0
2025,India,6,9.2,6.79,0.92,5,155.5,8.32,0
2025,Australia,1,6.76,7.32,0.4,2,134.8,9.44,0
2025,England,7,8.03,6.92,0.56,2,162.0,7.65,0
2025,Pakistan,1,8.69,7.09,0.7,2,162.7,8.28,0
2025,New Zealand,8,8.87,8.58,0.8,1,158.6,8.46,0
2025,South Africa,9,6.73,9.02,0.79,4,139.3,7.64,1
2025,West Indies,6,8.97,6.7,0.56,1,139.0,8.9,0
2025,Sri Lanka,5,8.95,7.03,0.48,2,153.5,6.43,0
2025,Bangladesh,6,8.47,6.58,0.56,3,141.4,8.28,0
2025,Afghanistan,2,7.49,8.14,0.44,2,152.8,7.16,0
2026,India,10,8.34,7.33,0.54,4,149.0,8.94,0
2026,Australia,1,7.22,8.39,0.54,3,121.4,6.34,0
2026,England,7,8.97,8.9,0.35,0,152.9,8.86,0
2026,Pakistan,7,7.18,8.11,0.32,2,120.8,7.75,0
2026,New Zealand,10,9.24,7.03,0.38,2,158.6,9.5,0
2026,South Africa,5,9.26,7.68,0.9,2,128.8,8.75,0
2026,West Indies,1,8.69,8.75,0.41,0,156.1,9.44,0
2026,Sri Lanka,10,8.93,7.39,0.78,3,137.0,7.3,0
2026,Bangladesh,10,6.73,7.62,0.43,2,148.3,8.99,1
2026,Afghanistan,2,6.7,7.44,0.78,4,145.7,6.42,0
2027,India,9,9.46,7.55,0.76,2,149.7,6.79,0
2027,Australia,3,9.2,7.97,0.33,2,124.1,8.33,1
2027,England,4,7.36,7.41,0.59,5,129.9,7.96,0
2027,Pakistan,6,8.95,8.76,0.47,0,133.7,7.94,0
2027,New Zealand,5,9.38,6.64,0.55,4,159.0,8.75,0
2027,South Africa,8,7.74,8.74,0.58,4,133.5,7.04,0
2027,West Indies,9,7.2,7.28,0.73,1,155.9,8.2,0
2027,Sri Lanka,4,7.2,7.56,0.93,4,163.9,9.5,0
2027,Bangladesh,8,8.98,9.43,0.34,2,118.4,8.54,0
2027,Afghanistan,5,7.07,9.04,0.74,5,148.3,7.78,0
2028,India,2,6.77,6.89,0.32,4,156.3,6.62,0
2028,Australia,9,9.22,8.44,0.51,4,136.9,8.55,0
2028,England,4,8.82,8.03,0.43,3,144.8,6.51,0
2028,Pakistan,9,8.7,7.78,0.69,4,135.3,6.75,0
2028,New Zealand,8,8.78,7.33,0.97,5,138.0,6.33,1
2028,South Africa,10,8.54,8.89,0.53,3,164.1,6.8,0
2028,West Indies,8,8.57,7.75,0.33,5,134.0,6.45,0
2028,Sri Lanka,1,8.6,7.91,0.87,3,132.5,6.05,0
2028,Bangladesh,7,8.09,6.78,0.66,0,148.8,6.55,0
2028,Afghanistan,5,6.67,9.2,0.43,1,139.0,8.31,0
2029,India,8,8.83,6.7,0.48,1,157.2,6.85,0
2029,Australia,6,7.78,6.65,0.32,5,138.1,8.71,0
2029,England,1,8.02,7.9,0.59,1,118.4,6.83,0
2029,Pakistan,4,9.14,7.26,0.77,1,158.0,6.71,0
2029,New Zealand,6,8.88,6.67,0.99,5,124.7,6.21,0
2029,South Africa,5,9.49,9.11,0.89,3,122.4,7.19,0
2029,West Indies,4,9.38,8.96,0.84,4,160.3,9.23,0
2029,Sri Lanka,8,8.69,8.92,0.46,3,137.1,6.19,1
2029,Bangladesh,2,7.55,8.92,0.4,2,117.9,6.18,0
2029,Afghanistan,7,6.76,7.66,0.54,1,144.0,7.16,0
2030,India,5,9.02,7.84,0.31,4,129.8,7.64,1
2030,Australia,7,7.34,7.6,0.45,2,122.6,8.24,0
2030,England,5,9.41,8.54,0.61,0,143.0,6.4,0
2030,Pakistan,7,7.87,9.21,0.88,4,140.2,7.36,0
2030,New Zealand,3,8.61,8.15,0.63,0,123.9,6.95,0
2030,South Africa,10,7.46,9.22,0.81,1,144.6,9.45,0
2030,West Indies,3,7.66,8.57,0.73,2,134.1,8.23,0
2030,Sri Lanka,3,7.51,8.16,0.46,5,134.4,9.03,0
2030,Bangladesh,7,7.57,6.53,0.41,3,144.7,9.49,0
2030,Afghanistan,4,9.07,7.5,0.31,1,130.4,8.2,0
2031,India,3,7.5,7.15,0.66,2,154.3,7.52,0
2031,Australia,4,8.96,8.55,0.45,3,152.8,9.41,1
2031,England,1,7.6,9.09,0.57,4,115.1,6.81,0
2031,Pakistan,9,7.23,7.51,0.94,5,148.0,8.9,0
2031,New Zealand,10,7.48,9.16,0.43,4,164.5,7.33,0
2031,South Africa,10,8.01,8.74,0.4,4,151.6,6.37,0
2031,West Indies,4,8.14,8.85,0.39,2,123.0,6.49,0
2031,Sri Lanka,3,7.55,8.3,0.48,1,153.0,8.45,0
2031,Bangladesh,3,7.02,6.79,0.81,1,146.8,8.07,0
2031,Afghanistan,9,7.39,7.52,0.84,3,131.8,7.5,0
2032,India,9,6.96,7.06,0.76,3,125.8,7.25,0
2032,Australia,4,8.39,9.22,0.87,3,127.1,8.95,0
2032,England,8,8.76,8.74,0.44,3,131.1,8.73,1
2032,Pakistan,3,9.15,6.95,0.88,5,116.1,6.2,0
2032,New Zealand,9,6.69,8.57,0.96,4,162.0,7.02,0
2032,South Africa,4,7.67,8.0,0.68,3,122.2,6.9,0
2032,West Indies,8,8.11,7.03,0.85,4,143.6,8.5,0
2032,Sri Lanka,4,6.96,7.87,0.6,5,135.6,7.49,0
2032,Bangladesh,3,9.36,8.76,0.91,5,141.7,9.44,0
2032,Afghanistan,3,8.24,9.07,0.77,1,119.7,9.09,0
2033,India,5,9.26,7.63,0.39,1,142.3,8.43,0
2033,Australia,3,9.27,8.55,0.32,0,145.0,9.04,0
2033,England,3,9.4,9.0,0.7,0,130.5,7.01,0
2033,Pakistan,8,7.68,7.18,0.75,5,151.5,7.64,0
2033,New Zealand,3,8.35,9.12,1.0,3,160.1,6.17,0
2033,South Africa,2,8.61,7.0,0.82,2,159.4,9.39,0
2033,West Indies,3,8.87,7.08,0.39,5,134.6,9.09,0
2033,Sri Lanka,10,6.8,7.04,0.68,1,144.3,7.58,1
2033,Bangladesh,1,8.25,8.57,0.73,0,126.5,7.3,0
2033,Afghanistan,9,7.02,7.16,0.81,3,149.7,9.32,0
2034,India,2,8.42,8.49,0.43,2,136.8,6.64,0
2034,Australia,10,7.69,9.22,0.36,1,138.2,7.99,0
2034,England,3,8.43,8.41,0.43,1,156.6,8.16,0
2034,Pakistan,7,9.19,7.37,0.33,4,125.3,6.18,0
2034,New Zealand,1,8.69,8.05,0.57,0,116.1,6.0,1
2034,South Africa,1,9.28,6.72,0.82,3,126.7,8.11,0
2034,West Indies,3,7.67,7.2,0.77,4,146.5,8.47,0
2034,Sri Lanka,9,8.48,8.81,0.41,5,142.7,8.48,0
2034,Bangladesh,6,7.63,9.36,0.95,4,129.9,7.96,0
2034,Afghanistan,10,6.74,6.89,0.69,0,162.7,8.92,0
2035,India,1,9.11,9.44,0.46,2,116.0,6.22,0
2035,Australia,5,7.18,9.48,0.53,1,136.0,6.37,0
2035,England,10,9.03,8.92,0.86,0,142.7,7.36,0
2035,Pakistan,5,7.27,8.88,0.88,4,115.9,7.38,0
2035,New Zealand,10,8.97,8.21,0.33,1,123.6,6.28,0
2035,South Africa,9,8.04,6.85,0.45,3,148.5,6.04,0
2035,West Indies,4,7.82,7.11,0.95,4,164.9,7.25,1
2035,Sri Lanka,9,8.16,8.66,0.73,5,126.3,6.14,0
2035,Bangladesh,5,7.62,9.17,0.68,1,154.6,9.18,0
2035,Afghanistan,9,9.33,8.49,0.33,2,164.1,7.62,0
2036,India,6,9.16,7.43,0.72,2,128.4,6.91,0
2036,Australia,8,8.75,8.0,0.51,4,154.2,8.28,0
2036,England,1,9.24,9.27,0.71,4,124.0,6.3,0
2036,Pakistan,2,7.84,9.18,0.98,2,149.9,8.28,0
2036,New Zealand,10,8.6,7.97,0.9,3,132.1,7.25,0
2036,South Africa,7,6.71,9.13,0.89,2,142.4,7.28,1
2036,West Indies,1,9.19,9.09,0.77,2,115.7,6.96,0
2036,Sri Lanka,4,9.08,8.89,0.7,5,142.5,8.52,0
2036,Bangladesh,5,7.12,6.86,0.93,5,140.0,8.26,0
2036,Afghanistan,10,8.35,9.14,0.49,1,138.5,6.77,0
2037,India,9,8.24,8.11,0.61,5,138.1,6.55,0
2037,Australia,3,6.6,6.86,0.63,1,151.8,8.07,0
2037,England,1,6.51,6.59,0.88,2,154.9,8.87,0
2037,Pakistan,7,9.07,7.46,0.52,5,141.7,9.43,0
2037,New Zealand,4,8.0,8.01,0.82,2,139.6,7.92,0
2037,South Africa,9,8.99,9.29,0.98,1,135.8,7.92,0
2037,West Indies,10,8.92,9.07,0.43,1,164.7,6.4,0
2037,Sri Lanka,4,7.71,8.99,0.89,2,131.5,8.66,0
2037,Bangladesh,9,7.07,8.53,0.86,2,143.1,6.42,1
2037,Afghanistan,7,7.24,7.84,0.67,4,151.6,9.17,0
2038,India,6,6.67,7.66,0.47,1,116.9,7.96,0
2038,Australia,1,6.69,8.51,0.42,4,144.9,7.13,0
2038,England,8,7.61,6.56,0.65,0,141.3,9.28,0
2038,Pakistan,2,6.75,8.91,0.56,2,124.1,8.66,0
2038,New Zealand,6,8.67,9.21,0.86,4,122.6,9.34,0
2038,South Africa,8,9.44,7.48,0.61,3,145.8,7.64,1
2038,West Indies,3,8.22,7.56,0.72,5,128.4,6.54,0
2038,Sri Lanka,5,8.86,7.3,0.95,4,128.7,8.05,0
2038,Bangladesh,4,7.39,9.25,0.34,3,122.7,7.91,0
2038,Afghanistan,8,6.92,7.37,0.45,1,164.1,9.09,0
2039,India,3,7.54,8.3,0.59,0,135.9,6.96,0
2039,Australia,1,7.4,6.59,0.54,4,160.6,7.34,0
2039,England,5,8.98,7.4,0.82,2,135.2,6.9,0
2039,Pakistan,2,9.09,7.34,0.82,5,158.6,6.46,0
2039,New Zealand,1,6.98,7.59,0.65,4,158.1,8.9,0
2039,South Africa,9,7.48,9.39,0.65,1,146.0,9.21,0
2039,West Indies,4,9.35,6.62,0.62,1,130.9,8.96,0
2039,Sri Lanka,1,8.52,7.86,0.7,2,118.3,8.23,1
2039,Bangladesh,7,8.33,8.18,0.36,3,140.5,9.49,0
2039,Afghanistan,8,8.84,9.45,0.75,3,144.9,8.01,0
2040,India,6,8.84,8.64,0.88,2,127.4,7.18,0
2040,Australia,3,8.57,9.29,0.39,3,135.4,6.05,1
2040,England,1,9.12,8.22,0.88,3,143.7,8.11,0
2040,Pakistan,3,6.6,6.85,0.6,4,137.2,6.78,0
2040,New Zealand,1,8.33,9.17,0.48,2,123.9,7.8,0
2040,South Africa,8,9.01,8.68,0.94,0,137.0,9.44,0
2040,West Indies,10,7.88,8.26,0.89,5,157.5,8.95,0
2040,Sri Lanka,2,6.71,8.24,0.33,4,135.9,7.84,0
2040,Bangladesh,3,7.94,7.58,0.83,4,148.1,7.85,0
2040,Afghanistan,1,7.93,9.03,0.86,3,150.0,8.55,0
2041,India,5,9.42,8.15,0.78,5,123.4,7.62,0
2041,Australia,2,7.65,8.63,0.9,1,143.0,7.29,0
2041,England,8,7.27,8.59,0.46,4,116.8,7.48,0
2041,Pakistan,2,8.98,8.61,0.38,4,127.4,6.69,0
2041,New Zealand,2,7.75,8.9,0.5,2,159.2,6.77,0
2041,South Africa,7,7.53,7.31,0.99,2,122.9,8.23,0
2041,West Indies,7,8.27,7.64,0.92,4,161.5,9.05,0
2041,Sri Lanka,1,7.96,7.74,0.97,5,148.9,7.71,0
2041,Bangladesh,5,6.55,8.93,0.72,5,155.9,9.28,1
2041,Afghanistan,1,8.65,6.67,0.62,4,152.0,6.52,0
2042,India,10,8.4,7.58,0.35,1,116.8,8.04,0
2042,Australia,2,6.65,9.07,0.94,5,162.8,8.16,0
2042,England,7,8.28,8.45,0.65,1,124.5,6.9,0
2042,Pakistan,1,8.55,8.78,1.0,0,137.7,6.57,0
2042,New Zealand,1,7.95,6.93,0.54,2,153.7,7.04,0
2042,South Africa,9,6.94,7.78,0.84,2,123.9,7.26,0
2042,West Indies,5,8.98,7.62,0.7,4,133.1,8.2,0
2042,Sri Lanka,1,7.87,6.92,0.9,5,155.6,8.31,1
2042,Bangladesh,2,7.68,8.05,0.97,0,151.9,7.01,0
2042,Afghanistan,1,8.96,6.6,0.71,0,130.1,6.01,0
2043,India,5,9.26,7.83,0.57,3,119.0,6.32,0
2043,Australia,10,8.84,9.18,0.88,3,132.5,6.19,0
2043,England,7,7.63,8.92,0.56,1,143.6,6.29,0
2043,Pakistan,3,6.92,7.75,0.75,5,118.7,9.16,0
2043,New Zealand,7,6.53,7.63,0.64,0,126.9,8.11,0
2043,South Africa,7,8.67,9.45,0.62,5,153.8,8.42,0
2043,West Indies,3,7.37,7.73,0.98,0,148.5,6.1,0
2043,Sri Lanka,2,7.16,8.15,0.38,3,119.5,9.0,0
2043,Bangladesh,2,8.78,8.4,0.58,1,164.8,7.05,0
2043,Afghanistan,4,7.74,7.68,0.53,5,157.9,8.37,1
2044,India,3,7.37,7.07,0.45,4,154.6,8.16,0
2044,Australia,5,7.72,7.31,0.36,1,162.7,6.15,0
2044,England,9,8.36,7.24,0.82,2,122.5,6.98,0
2044,Pakistan,10,7.4,8.47,0.39,1,138.3,8.8,0
2044,New Zealand,5,8.41,6.62,0.59,1,115.4,8.5,0
2044,South Africa,3,7.17,7.45,0.98,0,125.4,6.91,0
2044,West Indies,10,8.06,9.02,0.78,0,152.4,7.85,0
2044,Sri Lanka,8,8.5,8.64,0.86,1,133.6,7.83,1
2044,Bangladesh,1,7.8,7.48,0.55,0,148.5,8.63,0
2044,Afghanistan,6,7.94,6.89,0.4,2,136.9,7.13,0
2045,India,10,8.7,7.69,0.66,2,143.5,6.92,0
2045,Australia,1,6.62,9.49,0.49,0,131.1,8.21,0
2045,England,7,6.79,7.01,0.88,2,155.6,7.34,0
2045,Pakistan,2,7.1,9.04,0.6,1,157.1,7.98,0
2045,New Zealand,10,6.61,7.85,0.78,1,164.5,9.06,0
2045,South Africa,4,8.23,9.11,0.68,5,119.9,6.48,0
2045,West Indies,4,9.41,7.32,0.5,4,164.9,9.4,0
2045,Sri Lanka,4,7.89,9.0,0.49,0,143.2,9.31,1
2045,Bangladesh,9,8.12,7.63,0.44,2,153.3,7.47,0
2045,Afghanistan,2,6.53,6.77,0.96,3,146.6,6.21,0
2046,India,6,8.05,7.51,0.83,1,151.8,8.83,0
2046,Australia,2,7.74,7.09,0.61,0,116.0,7.76,0
2046,England,4,8.32,8.24,0.38,1,146.1,9.12,0
2046,Pakistan,6,7.39,7.21,0.58,1,152.9,8.31,0
2046,New Zealand,1,7.23,7.7,0.77,2,123.4,8.44,1
2046,South Africa,3,8.33,9.0,0.51,0,138.7,6.39,0
2046,West Indies,7,7.89,7.76,0.42,0,132.3,8.42,0
2046,Sri Lanka,10,8.87,7.27,0.34,3,116.1,9.15,0
2046,Bangladesh,5,7.69,8.29,0.55,1,119.6,8.93,0
2046,Afghanistan,4,8.16,8.51,0.7,1,117.4,6.76,0
2047,India,5,8.93,8.03,0.58,3,128.3,6.97,0
2047,Australia,4,8.8,8.38,0.58,0,124.6,7.95,0
2047,England,1,6.78,8.59,0.57,1,163.6,8.49,0
2047,Pakistan,1,7.57,9.02,0.3,3,122.4,8.08,0
2047,New Zealand,10,7.9,6.53,0.94,2,131.2,6.43,0
2047,South Africa,5,8.99,7.48,0.63,2,147.3,8.66,0
2047,West Indies,8,6.71,9.43,0.95,0,153.6,6.4,0
2047,Sri Lanka,1,8.4,8.21,0.7,4,127.6,7.59,0
2047,Bangladesh,8,8.73,6.71,0.38,4,148.5,8.72,1
2047,Afghanistan,1,9.33,9.42,0.44,1,121.3,6.84,0
2048,India,7,8.56,7.73,0.93,1,132.4,9.08,0
2048,Australia,8,7.61,7.27,0.97,5,143.1,6.72,0
2048,England,8,6.89,7.2,0.92,4,124.0,7.47,0
2048,Pakistan,1,9.33,8.8,0.84,3,144.8,6.62,1
2048,New Zealand,4,8.25,9.13,0.63,5,156.7,6.96,0
2048,South Africa,10,8.23,8.99,0.72,1,120.4,8.56,0
2048,West Indies,9,7.22,6.66,0.5,4,136.0,7.8,0
2048,Sri Lanka,2,8.08,9.37,0.7,2,151.7,6.06,0
2048,Bangladesh,8,6.99,7.0,0.36,1,133.5,8.7,0
2048,Afghanistan,6,9.09,9.41,0.52,3,116.4,8.06,0
2049,India,4,8.32,9.12,0.95,0,118.5,6.55,0
2049,Australia,3,6.68,8.36,0.43,1,115.8,6.47,0
2049,England,6,6.6,7.75,0.88,5,118.0,7.1,0
2049,Pakistan,8,6.51,9.2,0.46,5,151.3,9.25,1
2049,New Zealand,6,8.05,9.41,0.34,1,163.6,6.42,0
2049,South Africa,5,9.01,7.22,0.51,4,141.4,9.22,0
2049,West Indies,10,6.95,8.41,0.86,5,132.4,6.82,0
2049,Sri Lanka,3,8.72,6.76,0.79,4,158.2,6.03,0
2049,Bangladesh,6,8.59,8.37,0.64,5,155.3,8.0,0
2049,Afghanistan,1,8.99,7.9,0.39,3,129.8,6.95,0
2050,India,8,7.08,7.5,0.85,1,137.4,9.23,0
2050,Australia,6,7.17,6.97,0.37,3,119.4,7.92,0
2050,England,10,7.71,6.88,0.84,3,160.0,7.4,0
2050,Pakistan,1,7.98,7.84,0.67,5,119.2,6.13,0
2050,New Zealand,9,7.79,8.19,0.4,5,131.2,7.03,1
2050,South Africa,4,8.93,6.8,0.65,4,148.9,7.36,0
2050,West Indies,1,9.18,8.63,0.8,0,164.2,7.77,0
2050,Sri Lanka,1,9.46,7.27,0.63,3,148.5,9.21,0
2050,Bangladesh,4,7.97,8.77,0.84,0,161.0,9.42,0
2050,Afghanistan,7,9.41,8.83,0.95,1,153.4,7.96,0
2051,India,9,8.11,7.62,0.66,5,162.3,7.86,0
2051,Australia,2,7.63,8.46,0.9,1,153.3,7.05,0
2051,England,6,9.1,9.05,0.46,0,155.9,7.22,0
2051,Pakistan,10,8.24,8.45,0.82,4,156.5,9.42,0
2051,New Zealand,6,8.7,7.74,0.57,3,136.6,8.38,0
2051,South Africa,1,7.86,8.4,0.42,4,157.4,9.3,0
2051,West Indies,1,9.13,7.91,0.58,2,124.2,6.19,1
2051,Sri Lanka,5,7.09,8.62,0.84,3,115.6,8.82,0
2051,Bangladesh,2,9.24,8.29,0.92,4,126.9,6.12,0
2051,Afghanistan,6,6.96,8.71,0.73,0,163.7,8.69,0
2052,India,3,9.2,9.47,0.49,2,150.0,7.79,1
2052,Australia,8,8.17,8.73,0.62,4,135.3,6.98,0
2052,England,3,6.52,8.67,0.66,3,142.6,9.17,0
2052,Pakistan,8,7.65,6.67,0.96,1,155.8,6.45,0
2052,New Zealand,9,7.4,9.26,0.45,5,159.3,8.88,0
2052,South Africa,4,7.05,7.56,0.63,3,140.3,6.42,0
2052,West Indies,6,8.44,7.01,0.38,5,120.0,6.63,0
2052,Sri Lanka,2,8.59,8.91,0.8,0,139.9,6.62,0
2052,Bangladesh,3,8.76,9.46,0.43,3,156.7,8.37,0
2052,Afghanistan,2,8.11,6.81,0.51,3,134.1,7.25,0
2053,India,4,6.89,7.43,0.37,4,122.7,7.51,0
2053,Australia,4,7.19,7.39,0.43,2,141.1,7.52,0
2053,England,10,7.27,6.58,1.0,5,159.1,7.54,0
2053,Pakistan,3,8.92,8.65,0.8,4,148.0,8.64,1
2053,New Zealand,7,6.85,8.27,0.61,2,137.0,8.19,0
2053,South Africa,8,8.72,7.44,0.46,3,135.5,8.75,0
2053,West Indies,3,6.55,7.76,0.55,5,121.5,8.82,0
2053,Sri Lanka,8,7.47,6.51,0.73,5,163.5,6.11,0
2053,Bangladesh,9,8.54,7.93,0.63,4,164.7,7.87,0
2053,Afghanistan,5,8.16,6.94,0.97,3,129.7,7.85,0
2054,India,3,8.56,8.39,0.97,5,156.9,8.95,0
2054,Australia,7,6.92,7.23,0.81,4,141.6,6.43,0
2054,England,10,9.43,7.81,1.0,0,141.3,8.93,1
2054,Pakistan,3,7.83,8.56,0.4,2,163.5,7.31,0
2054,New Zealand,4,7.81,8.79,0.74,0,147.6,7.62,0
2054,South Africa,8,9.49,8.87,0.53,5,162.8,8.87,0
2054,West Indies,7,9.18,7.34,0.87,3,121.2,6.68,0
2054,Sri Lanka,3,8.63,8.4,0.94,2,131.3,7.8,0
2054,Bangladesh,5,8.11,7.68,0.84,3,144.8,6.9,0
2054,Afghanistan,5,9.4,8.78,0.91,3,115.8,6.92,0
2055,India,4,8.61,8.77,0.6,0,133.6,7.44,0
2055,Australia,3,7.57,7.16,0.3,1,117.9,6.26,0
2055,England,2,6.8,8.05,0.46,5,133.4,8.12,0
2055,Pakistan,4,8.12,7.89,0.52,4,123.9,6.83,0
2055,New Zealand,5,6.82,9.19,0.95,3,132.6,8.21,1
2055,South Africa,9,8.47,7.92,0.82,4,131.6,7.59,0
2055,West Indies,3,9.37,7.04,0.49,4,149.0,8.62,0
2055,Sri Lanka,9,9.16,8.23,0.44,0,158.6,7.55,0
2055,Bangladesh,9,8.5,7.6,0.6,0,159.8,7.27,0
2055,Afghanistan,3,9.4,9.29,0.44,0,129.4,8.02,0
2056,India,9,8.36,8.61,0.62,3,120.1,8.7,0
2056,Australia,1,6.88,8.81,0.9,0,150.7,6.67,0
2056,England,8,7.5,7.85,0.63,4,146.0,9.23,0
2056,Pakistan,9,7.83,8.32,0.31,5,155.6,8.24,0
2056,New Zealand,3,7.74,9.48,0.72,1,148.5,6.4,0
2056,South Africa,10,7.49,6.96,0.58,4,142.1,7.62,0
2056,West Indies,7,7.24,7.03,0.58,1,126.8,7.72,0
2056,Sri Lanka,6,8.65,8.68,0.32,5,147.2,6.36,0
2056,Bangladesh,2,8.0,9.49,0.62,3,122.9,7.86,0
2056,Afghanistan,10,7.49,8.16,0.82,0,132.2,9.15,1
2057,India,6,9.32,7.46,0.33,2,130.4,8.26,0
2057,Australia,2,6.79,8.65,0.84,2,163.1,8.29,0
2057,England,6,7.84,8.76,0.4,3,140.8,9.48,0
2057,Pakistan,3,7.86,7.39,0.86,3,124.1,6.88,0
2057,New Zealand,10,7.78,7.28,0.47,1,146.3,7.87,0
2057,South Africa,1,8.75,8.6,0.92,5,131.7,7.97,1
2057,West Indies,1,7.51,9.49,0.79,2,128.6,6.04,0
2057,Sri Lanka,6,6.57,7.2,0.48,3,121.9,8.88,0
2057,Bangladesh,8,7.17,8.03,0.93,0,115.7,8.35,0
2057,Afghanistan,9,7.99,7.86,0.94,0,153.1,7.5,0
2058,India,6,8.72,7.18,0.62,3,117.1,9.24,0
2058,Australia,7,9.12,8.66,0.91,4,126.0,7.19,0
2058,England,9,7.65,7.81,0.75,3,143.9,9.27,0
2058,Pakistan,4,9.21,9.41,0.82,3,141.1,6.25,0
2058,New Zealand,9,9.22,8.56,0.98,2,146.0,8.82,0
2058,South Africa,3,8.33,6.9,0.98,3,164.3,9.28,1
2058,West Indies,9,8.5,6.59,0.56,4,144.5,6.03,0
2058,Sri Lanka,4,6.67,8.53,0.74,5,148.1,6.69,0
2058,Bangladesh,6,6.56,7.06,0.94,1,119.2,9.23,0
2058,Afghanistan,5,7.39,9.04,0.49,2,127.7,6.07,0
2059,India,8,8.11,6.76,0.63,4,138.9,9.17,0
2059,Australia,6,8.17,6.97,0.52,3,123.1,7.08,0
2059,England,3,9.01,8.65,0.49,0,133.0,7.33,1
2059,Pakistan,1,7.79,6.72,0.56,3,139.8,7.39,0
2059,New Zealand,10,7.26,7.3,0.62,4,115.0,7.54,0
2059,South Africa,10,9.18,7.18,0.3,2,147.1,8.41,0
2059,West Indies,1,9.33,7.29,0.97,5,126.8,7.5,0
2059,Sri Lanka,3,7.28,6.7,0.48,5,142.3,7.32,0
2059,Bangladesh,2,8.29,9.01,0.47,4,150.5,6.46,0
2059,Afghanistan,6,9.27,9.01,0.93,2,145.6,7.31,0
2060,India,9,8.58,7.67,0.68,5,156.9,6.32,1
2060,Australia,6,7.34,8.42,0.92,5,164.1,7.43,0
2060,England,10,8.66,8.37,0.95,2,127.4,7.08,0
2060,Pakistan,4,6.86,8.72,0.62,1,128.3,8.24,0
2060,New Zealand,3,7.33,8.26,0.76,5,120.9,8.45,0
2060,South Africa,7,8.79,8.31,0.33,4,132.0,6.38,0
2060,West Indies,5,8.27,9.3,0.72,3,131.0,7.26,0
2060,Sri Lanka,10,6.85,7.35,0.33,5,156.0,8.19,0
2060,Bangladesh,8,7.28,9.25,0.71,4,120.6,8.39,0
2060,Afghanistan,9,8.32,8.47,0.33,0,116.1,6.53,0
2061,India,8,7.12,8.19,0.74,1,120.5,7.58,0
2061,Australia,6,9.37,7.85,0.44,2,135.1,7.37,0
2061,England,4,7.28,6.56,0.5,4,122.1,6.49,0
2061,Pakistan,4,9.39,7.38,0.95,5,124.5,8.19,0
2061,New Zealand,10,7.29,8.86,0.43,2,117.4,6.24,0
2061,South Africa,3,8.2,6.63,0.32,3,134.5,9.01,0
2061,West Indies,9,7.92,8.31,0.49,5,132.0,8.08,0
2061,Sri Lanka,2,8.84,7.89,0.46,4,123.6,7.11,1
2061,Bangladesh,4,7.71,8.31,0.46,2,164.2,6.22,0
2061,Afghanistan,1,9.1,9.35,0.81,4,148.9,7.32,0
2062,India,10,9.29,9.07,0.7,3,117.3,8.03,0
2062,Australia,5,8.51,7.47,0.65,3,135.9,8.28,0
2062,England,1,7.22,8.32,0.6,5,159.8,9.29,0
2062,Pakistan,5,8.84,7.21,0.39,1,115.4,7.08,0
2062,New Zealand,2,7.59,9.2,0.79,4,161.8,6.22,0
2062,South Africa,8,8.97,7.59,0.95,5,129.1,6.77,1
2062,West Indies,9,7.82,7.47,0.54,0,149.8,8.81,0
2062,Sri Lanka,1,8.51,9.48,0.97,4,151.8,9.41,0
2062,Bangladesh,7,7.57,9.12,0.73,1,161.5,6.84,0
2062,Afghanistan,5,8.33,6.92,0.89,5,129.9,8.99,0
2063,India,7,9.39,7.16,0.52,2,129.7,7.54,0
2063,Australia,9,9.12,6.92,0.86,4,156.0,6.93,0
2063,England,6,8.29,9.21,0.77,0,154.3,6.16,1
2063,Pakistan,1,7.31,8.8,0.44,1,158.4,7.21,0
2063,New Zealand,6,8.72,7.48,0.99,2,160.0,6.93,0
2063,South Africa,6,6.5,8.95,0.98,0,118.3,7.68,0
2063,West Indies,8,9.5,6.73,0.65,4,138.8,8.32,0
2063,Sri Lanka,4,7.44,8.98,0.78,2,130.2,8.34,0
2063,Bangladesh,9,8.56,8.84,0.64,3,133.0,7.23,0
2063,Afghanistan,4,8.14,9.35,0.69,5,136.8,8.52,0
2064,India,3,8.35,7.75,0.63,2,149.3,6.72,0
2064,Australia,4,8.65,7.37,0.72,1,135.0,7.86,0
2064,England,6,8.98,8.16,0.52,4,141.4,6.7,0
2064,Pakistan,1,7.35,8.0,0.93,4,132.7,7.99,0
2064,New Zealand,9,8.38,6.81,0.54,1,147.8,8.5,0
2064,South Africa,3,6.88,7.42,0.77,3,123.5,7.67,1
2064,West Indies,9,8.4,9.43,0.53,3,164.5,8.51,0
2064,Sri Lanka,7,7.69,8.34,0.91,1,123.7,7.56,0
2064,Bangladesh,8,9.27,8.51,0.8,3,161.4,6.72,0
2064,Afghanistan,7,7.31,8.28,0.64,5,120.4,9.02,0
2065,India,9,9.27,7.88,0.62,5,140.0,8.18,0
2065,Australia,4,7.95,8.4,0.64,3,164.6,6.33,0
2065,England,4,8.64,8.8,0.78,1,129.3,7.16,0
2065,Pakistan,9,6.51,9.22,0.79,4,150.9,6.3,0
2065,New Zealand,4,8.44,9.0,0.88,0,130.7,8.37,0
2065,South Africa,10,8.65,8.92,0.53,3,133.0,8.49,1
2065,West Indies,10,7.45,7.2,0.67,3,142.3,6.73,0
2065,Sri Lanka,8,6.51,7.22,0.41,2,163.8,8.56,0
2065,Bangladesh,7,7.33,8.34,0.79,1,155.4,8.29,0
2065,Afghanistan,5,6.89,6.72,0.71,2,121.4,6.91,0
2066,India,6,9.02,9.08,0.71,2,136.5,7.03,0
2066,Australia,10,9.46,7.58,0.59,3,123.4,8.02,0
2066,England,8,7.6,9.41,0.36,3,131.5,9.25,0
2066,Pakistan,8,7.92,7.29,0.71,0,144.1,8.42,0
2066,New Zealand,1,9.05,6.67,0.38,1,126.9,7.94,0
2066,South Africa,9,8.12,8.07,0.74,0,150.0,6.7,0
2066,West Indies,5,9.26,6.82,0.78,2,136.4,7.99,0
2066,Sri Lanka,7,8.23,7.92,0.99,3,158.4,9.18,0
2066,Bangladesh,8,7.94,8.21,0.49,3,127.7,9.27,1
2066,Afghanistan,6,8.2,7.72,0.71,1,161.2,6.22,0
2067,India,5,8.54,7.0,0.36,0,143.2,8.6,1
2067,Australia,7,7.31,8.02,0.45,0,127.3,8.16,0
2067,England,10,7.05,9.25,0.82,4,123.8,7.25,0
2067,Pakistan,7,6.76,6.61,0.72,2,123.8,9.12,0
2067,New Zealand,10,7.76,9.43,0.74,2,147.1,7.94,0
2067,South Africa,10,6.98,8.72,0.67,0,117.4,9.2,0
2067,West Indies,9,6.87,6.53,0.66,2,142.2,7.29,0
2067,Sri Lanka,4,8.58,8.31,0.53,4,144.3,7.01,0
2067,Bangladesh,1,7.65,7.06,0.73,3,127.5,6.63,0
2067,Afghanistan,7,7.55,8.36,0.36,2,118.8,8.9,0
2068,India,5,6.62,9.18,0.89,4,132.5,7.28,0
2068,Australia,4,8.97,6.53,0.37,4,125.4,6.38,0
2068,England,5,7.99,6.7,0.41,5,122.1,7.77,0
2068,Pakistan,1,8.62,9.13,0.53,1,127.2,6.43,0
2068,New Zealand,1,8.97,7.15,0.65,0,131.1,6.52,0
2068,South Africa,2,8.45,8.47,0.85,0,164.0,8.27,0
2068,West Indies,7,9.22,8.2,0.82,0,146.9,9.26,1
2068,Sri Lanka,1,9.41,8.68,0.47,3,154.6,8.28,0
2068,Bangladesh,1,8.94,7.78,0.43,1,125.1,7.69,0
2068,Afghanistan,1,7.9,7.06,0.46,3,151.1,6.48,0
2069,India,7,8.66,7.06,0.48,0,120.7,9.35,0
2069,Australia,6,7.04,7.52,0.92,5,126.3,7.82,0
2069,England,1,8.21,8.85,0.36,2,123.5,6.25,1
2069,Pakistan,5,9.09,6.89,0.33,4,118.6,9.1,0
2069,New Zealand,1,6.73,7.29,0.37,4,143.0,6.56,0
2069,South Africa,1,8.2,7.2,0.51,1,124.9,8.3,0
2069,West Indies,8,6.78,6.67,0.85,4,153.4,8.02,0
2069,Sri Lanka,2,7.81,6.57,0.72,0,145.3,8.33,0
2069,Bangladesh,5,8.76,7.39,0.7,5,134.1,6.24,0
2069,Afghanistan,3,7.83,7.84,0.97,5,152.5,7.89,0
2070,India,1,7.53,7.0,0.98,2,130.1,6.1,0
2070,Australia,2,6.77,7.69,0.54,2,148.3,8.16,1
2070,England,6,8.45,8.83,0.94,1,163.7,8.03,0
2070,Pakistan,2,7.42,8.93,0.93,5,151.3,7.18,0
2070,New Zealand,7,6.87,8.7,0.63,0,120.3,8.26,0
2070,South Africa,10,8.6,8.0,0.47,1,130.6,6.87,0
2070,West Indies,6,7.21,8.66,0.93,3,152.6,6.52,0
2070,Sri Lanka,1,6.86,8.99,0.39,3,116.0,9.21,0
2070,Bangladesh,4,7.75,7.4,0.55,0,153.7,6.1,0
2070,Afghanistan,6,8.57,8.74,0.75,5,136.8,6.44,0
2071,India,2,7.55,8.87,0.79,3,153.0,7.49,0
2071,Australia,5,8.05,7.65,0.71,4,149.6,7.66,0
2071,England,1,6.77,7.38,0.41,2,144.4,9.16,0
2071,Pakistan,8,6.81,8.9,0.43,2,149.1,8.77,0
2071,New Zealand,6,7.27,8.84,0.83,1,136.8,8.87,0
2071,South Africa,7,8.03,6.56,0.83,5,142.9,6.09,0
2071,West Indies,2,7.29,8.59,0.79,4,144.8,6.11,1
2071,Sri Lanka,1,6.76,9.37,0.54,4,128.6,6.24,0
2071,Bangladesh,1,7.24,8.39,0.77,4,154.6,8.25,0
2071,Afghanistan,1,6.55,8.89,0.72,1,142.5,8.72,0
2072,India,6,6.63,7.18,0.87,4,164.7,7.92,0
2072,Australia,7,9.06,7.97,0.48,2,160.0,7.32,0
2072,England,3,6.52,8.45,0.86,1,135.5,8.51,0
2072,Pakistan,4,7.97,8.02,0.4,3,137.8,8.71,0
2072,New Zealand,6,8.06,9.24,0.99,2,144.9,8.67,0
2072,South Africa,5,7.61,9.38,0.3,2,148.4,8.64,0
2072,West Indies,4,8.88,8.97,0.46,4,152.6,7.83,0
2072,Sri Lanka,6,8.94,6.52,0.71,2,142.9,8.81,0
2072,Bangladesh,3,7.32,6.61,0.82,1,126.0,8.76,1
2072,Afghanistan,3,8.32,8.21,0.56,2,146.0,8.02,0
2073,India,5,8.61,6.62,0.56,3,121.3,6.58,0
2073,Australia,4,7.74,7.28,0.74,0,149.6,9.27,1
2073,England,3,8.37,7.97,0.73,4,159.5,7.7,0
2073,Pakistan,3,8.86,7.08,0.34,5,152.3,7.33,0
2073,New Zealand,4,9.09,9.37,0.81,3,162.7,6.49,0
2073,South Africa,4,8.36,8.06,0.84,0,142.9,6.22,0
2073,West Indies,3,7.97,8.19,0.56,4,144.6,8.0,0
2073,Sri Lanka,2,9.04,7.25,0.49,5,136.3,8.51,0
2073,Bangladesh,9,7.51,8.95,0.42,2,152.8,8.75,0
2073,Afghanistan,2,8.28,9.09,0.54,3,163.5,9.0,0
2074,India,8,7.56,7.83,0.97,0,143.2,8.6,0
2074,Australia,4,9.03,7.8,0.82,2,159.5,6.24,0
2074,England,10,8.33,9.37,0.88,5,148.7,6.25,1
2074,Pakistan,3,7.91,7.44,0.54,2,160.7,7.24,0
2074,New Zealand,5,8.25,9.39,0.56,3,152.9,6.78,0
2074,South Africa,7,8.47,8.36,0.97,4,122.5,8.52,0
2074,West Indies,6,7.05,7.01,0.51,3,143.5,6.29,0
2074,Sri Lanka,10,7.25,9.48,0.72,2,140.4,6.31,0
2074,Bangladesh,8,7.06,7.43,0.9,2,138.3,6.51,0
2074,Afghanistan,8,8.71,8.74,0.94,4,164.3,8.56,0
2075,India,7,8.67,8.31,0.47,5,153.6,8.13,0
2075,Australia,9,6.95,6.82,0.82,4,132.2,6.24,1
2075,England,8,7.46,7.31,0.92,1,157.8,8.07,0
2075,Pakistan,10,8.41,8.56,0.56,2,132.5,9.09,0
2075,New Zealand,2,8.7,7.41,0.63,5,154.2,9.43,0
2075,South Africa,9,8.79,7.45,0.95,1,129.7,8.41,0
2075,West Indies,4,7.54,6.88,0.68,4,135.0,6.26,0
2075,Sri Lanka,1,9.27,7.42,0.97,2,163.7,9.27,0
2075,Bangladesh,3,6.91,7.13,0.62,3,155.9,7.01,0
2075,Afghanistan,6,9.12,9.09,0.46,2,160.1,8.69,0
2076,India,2,7.69,8.65,0.44,4,136.7,6.97,0
2076,Australia,9,7.03,9.0,0.77,4,147.6,8.24,0
2076,England,9,8.0,9.48,0.48,3,142.9,8.74,1
2076,Pakistan,10,7.51,7.33,0.82,1,119.4,8.76,0
2076,New Zealand,8,6.89,6.97,0.4,2,137.3,6.73,0
2076,South Africa,4,8.08,7.78,0.3,4,123.4,7.54,0
2076,West Indies,4,6.51,7.8,0.95,1,118.8,6.15,0
2076,Sri Lanka,7,8.02,7.95,0.75,4,138.1,8.38,0
2076,Bangladesh,3,7.78,7.54,0.51,3,116.0,6.36,0
2076,Afghanistan,5,8.72,8.91,0.85,0,120.8,6.32,0
2077,India,10,8.83,9.03,0.39,2,120.0,7.1,1
2077,Australia,4,9.04,9.15,0.41,0,157.0,8.46,0
2077,England,3,8.49,9.2,1.0,1,122.9,7.66,0
2077,Pakistan,6,8.8,6.98,0.59,4,162.6,8.52,0
2077,New Zealand,1,8.21,6.66,0.62,0,133.8,7.29,0
2077,South Africa,6,8.27,7.62,0.97,2,115.1,8.78,0
2077,West Indies,10,6.57,9.31,0.93,0,157.7,6.84,0
2077,Sri Lanka,1,8.26,7.58,0.9,3,151.1,8.61,0
2077,Bangladesh,7,6.88,8.85,0.53,0,135.1,9.15,0
2077,Afghanistan,10,9.19,6.68,0.88,2,136.6,8.92,0
2078,India,9,6.52,8.39,0.35,3,140.4,6.07,0
2078,Australia,2,8.89,9.14,0.88,5,146.7,6.28,0
2078,England,2,9.18,6.5,0.47,4,144.5,9.47,0
2078,Pakistan,4,6.64,8.23,0.71,5,130.7,7.87,0
2078,New Zealand,6,7.07,7.15,0.93,0,145.0,6.14,0
2078,South Africa,3,6.79,6.63,0.36,5,132.0,6.08,0
2078,West Indies,4,7.63,8.17,0.92,2,120.8,7.24,0
2078,Sri Lanka,10,7.15,8.67,0.91,3,116.8,7.51,0
2078,Bangladesh,5,7.26,9.1,0.97,4,158.2,8.86,1
2078,Afghanistan,10,7.1,8.87,0.77,5,118.9,9.44,0
2079,India,7,8.56,7.88,0.61,5,131.8,6.33,0
2079,Australia,2,8.6,7.83,0.59,5,134.2,7.64,0
2079,England,4,6.78,9.24,0.58,2,145.8,9.39,0
2079,Pakistan,2,7.39,8.36,0.37,0,134.0,6.11,1
2079,New Zealand,5,6.59,7.13,0.36,1,152.0,6.35,0
2079,South Africa,4,7.92,6.59,0.82,1,164.2,9.11,0
2079,West Indies,6,8.94,9.17,0.46,5,158.4,8.21,0
2079,Sri Lanka,4,8.84,6.54,0.69,4,142.6,8.98,0
2079,Bangladesh,2,8.03,7.82,0.95,3,147.1,6.77,0
2079,Afghanistan,6,6.79,7.49,0.87,0,117.1,8.32,0
2080,India,10,8.36,7.14,0.48,0,126.4,9.49,0
2080,Australia,9,8.33,7.23,0.92,2,128.8,7.63,0
2080,England,7,7.59,8.56,0.81,4,132.8,7.67,1
2080,Pakistan,1,7.66,6.84,0.54,5,117.1,8.58,0
2080,New Zealand,6,8.69,8.08,0.95,4,161.0,9.23,0
2080,South Africa,9,6.94,7.36,1.0,4,123.9,9.15,0
2080,West Indies,10,8.05,8.78,0.89,5,116.8,8.47,0
2080,Sri Lanka,10,6.65,7.06,0.72,4,153.5,8.5,0
2080,Bangladesh,8,9.17,8.19,0.56,0,138.6,8.97,0
2080,Afghanistan,7,7.67,9.44,0.37,2,141.8,7.5,0
2081,India,7,6.55,8.19,0.45,3,162.7,9.46,0
2081,Australia,3,9.17,9.14,0.84,5,164.9,9.46,0
2081,England,4,9.34,9.29,0.37,0,151.3,8.28,0
2081,Pakistan,5,8.4,7.31,0.59,0,137.5,7.96,0
2081,New Zealand,2,8.06,8.09,0.8,5,123.6,6.17,0
2081,South Africa,3,7.53,7.05,0.69,0,151.5,9.36,0
2081,West Indies,4,7.59,6.99,0.62,5,144.8,7.37,0
2081,Sri Lanka,2,7.96,9.03,0.67,4,119.8,8.78,1
2081,Bangladesh,10,7.06,9.44,0.54,4,133.5,6.39,0
2081,Afghanistan,7,7.22,8.52,0.64,2,156.3,9.26,0
2082,India,3,9.33,7.04,0.31,0,145.0,9.27,0
2082,Australia,10,7.09,9.19,0.93,0,159.4,6.97,1
2082,England,6,7.95,9.14,0.8,5,158.7,8.91,0
2082,Pakistan,6,8.77,7.9,0.75,0,133.8,7.28,0
2082,New Zealand,2,8.78,9.4,0.43,2,130.4,8.85,0
2082,South Africa,4,9.3,7.02,0.95,3,157.5,9.41,0
2082,West Indies,5,9.2,8.72,0.75,1,160.5,8.39,0
2082,Sri Lanka,10,9.13,7.05,0.77,0,144.0,8.9,0
2082,Bangladesh,2,8.55,7.62,0.46,4,130.7,6.13,0
2082,Afghanistan,7,7.72,6.98,0.87,1,135.9,6.04,0
2083,India,8,9.29,7.32,0.92,0,151.2,6.49,0
2083,Australia,5,7.02,8.68,0.58,3,164.1,8.58,0
2083,England,5,6.99,7.61,0.86,5,132.0,8.09,0
2083,Pakistan,8,8.68,7.5,0.31,1,151.7,7.81,0
2083,New Zealand,9,8.13,7.02,0.45,0,137.6,7.04,0
2083,South Africa,6,7.82,8.05,0.92,5,154.4,6.09,0
2083,West Indies,6,6.51,7.59,0.92,3,149.9,6.14,1
2083,Sri Lanka,3,6.93,8.68,0.88,5,160.3,9.15,0
2083,Bangladesh,10,8.44,7.46,0.65,2,148.5,8.48,0
2083,Afghanistan,7,7.18,8.29,0.36,3,135.7,6.31,0
2084,India,3,6.81,7.04,0.7,3,158.8,6.86,0
2084,Australia,4,9.43,9.19,0.42,5,138.9,6.17,0
2084,England,3,8.4,6.62,0.9,4,150.1,9.46,0
2084,Pakistan,8,9.12,7.94,0.77,4,143.7,9.43,0
2084,New Zealand,6,9.27,7.56,1.0,4,123.0,6.62,0
2084,South Africa,9,6.57,8.39,0.57,0,117.7,7.16,0
2084,West Indies,2,6.67,7.07,0.74,1,152.0,9.31,0
2084,Sri Lanka,5,8.84,9.0,0.6,1,117.6,7.4,0
2084,Bangladesh,1,8.21,9.29,0.31,2,117.2,7.6,0
2084,Afghanistan,10,6.86,8.44,0.8,3,142.9,7.02,1
2085,India,6,7.34,7.91,0.47,0,138.0,7.23,1
2085,Australia,1,8.65,6.57,0.66,5,162.6,7.99,0
2085,England,7,8.41,8.77,0.57,0,142.1,8.85,0
2085,Pakistan,5,7.26,6.54,0.49,4,160.3,8.95,0
2085,New Zealand,4,8.79,8.55,0.5,3,121.8,6.6,0
2085,South Africa,9,6.8,7.93,0.41,4,151.6,6.02,0
2085,West Indies,3,7.34,6.78,0.66,2,135.9,6.84,0
2085,Sri Lanka,6,9.02,7.46,0.48,2,161.3,9.24,0
2085,Bangladesh,10,9.02,6.65,0.89,4,144.0,8.28,0
2085,Afghanistan,6,7.34,7.79,0.98,2,160.6,7.37,0
2086,India,10,9.22,8.55,0.5,4,160.2,8.75,0
2086,Australia,10,6.54,7.72,0.36,5,131.4,8.19,0
2086,England,7,6.61,7.44,0.97,2,162.2,6.35,0
2086,Pakistan,2,8.92,7.58,0.61,2,154.2,7.42,0
2086,New Zealand,10,7.87,9.25,0.64,0,132.8,7.41,0
2086,South Africa,10,7.12,7.0,0.64,0,141.5,7.67,0
2086,West Indies,9,9.36,7.53,0.57,1,115.4,8.89,0
2086,Sri Lanka,6,8.36,8.05,0.55,3,144.7,6.27,0
2086,Bangladesh,1,8.13,6.91,0.68,1,161.5,9.5,0
2086,Afghanistan,1,7.97,7.29,0.54,3,153.1,9.43,1
2087,India,3,8.07,7.0,0.33,0,148.8,7.13,0
2087,Australia,3,7.79,6.77,0.33,2,130.2,7.45,0
2087,England,5,6.71,6.79,0.84,1,160.3,6.55,0
2087,Pakistan,7,7.19,8.21,0.49,3,146.8,7.82,0
2087,New Zealand,9,6.59,8.62,0.62,4,160.8,8.39,0
2087,South Africa,8,8.73,8.57,0.32,4,118.7,8.95,0
2087,West Indies,3,7.77,8.26,0.51,0,119.2,6.35,1
2087,Sri Lanka,10,7.51,8.25,0.64,5,151.6,8.61,0
2087,Bangladesh,5,7.02,8.48,0.49,1,151.2,6.69,0
2087,Afghanistan,5,8.88,8.57,0.88,5,124.7,9.11,0
2088,India,8,6.67,8.7,0.41,0,138.9,6.64,0
2088,Australia,10,6.66,8.55,0.4,0,149.2,8.99,0
2088,England,10,7.03,9.22,0.48,2,133.2,8.31,0
2088,Pakistan,6,8.64,9.28,0.52,1,161.5,7.85,0
2088,New Zealand,7,6.68,9.19,0.31,1,119.8,8.02,1
2088,South Africa,2,7.99,8.73,0.37,4,117.2,8.05,0
2088,West Indies,5,6.55,6.78,0.93,4,158.1,9.13,0
2088,Sri Lanka,8,9.18,7.0,0.36,3,116.0,6.74,0
2088,Bangladesh,9,7.1,8.85,0.96,4,159.2,7.67,0
2088,Afghanistan,9,6.6,8.49,0.73,1,155.2,6.01,0
2089,India,7,8.51,7.81,0.33,4,120.0,6.9,0
2089,Australia,3,7.8,7.65,0.44,3,115.4,7.75,0
2089,England,9,7.42,9.11,0.66,2,117.4,8.59,0
2089,Pakistan,5,7.67,9.21,0.63,4,144.8,7.76,0
2089,New Zealand,7,6.78,6.91,0.86,1,117.7,7.79,1
2089,South Africa,8,6.8,8.81,0.63,4,157.2,7.34,0
2089,West Indies,7,6.78,7.81,0.33,3,145.6,6.85,0
2089,Sri Lanka,4,7.41,8.4,0.57,3,120.4,6.71,0
2089,Bangladesh,4,8.69,6.97,0.33,1,124.4,8.41,0
2089,Afghanistan,4,7.1,8.15,0.38,1,162.5,7.16,0
2090,India,9,7.52,7.03,0.88,3,163.2,7.41,0
2090,Australia,4,8.01,9.16,0.35,1,147.5,9.09,1
2090,England,8,8.82,8.73,0.88,4,147.3,9.41,0
2090,Pakistan,8,7.45,8.78,0.45,2,130.6,7.66,0
2090,New Zealand,9,8.08,7.68,0.64,4,135.3,8.7,0
2090,South Africa,2,8.11,6.63,0.75,4,128.8,6.86,0
2090,West Indies,8,6.54,9.38,0.78,3,158.8,8.39,0
2090,Sri Lanka,9,8.61,7.12,0.64,3,129.2,8.97,0
2090,Bangladesh,10,7.41,7.4,0.45,5,120.6,8.68,0
2090,Afghanistan,2,9.27,7.62,0.41,4,154.3,6.91,0
2091,India,4,7.19,7.03,0.66,3,139.0,8.03,0
2091,Australia,6,7.99,8.78,0.39,0,123.0,6.46,0
2091,England,10,6.61,7.43,0.34,4,138.0,6.23,0
2091,Pakistan,7,8.78,7.82,0.5,0,142.5,7.87,0
2091,New Zealand,7,8.4,6.91,0.71,5,127.2,8.33,0
2091,South Africa,4,8.1,8.99,0.68,5,136.6,9.07,1
2091,West Indies,1,6.57,9.0,0.55,0,150.3,8.7,0
2091,Sri Lanka,3,8.71,8.61,0.94,4,118.0,6.65,0
2091,Bangladesh,8,9.34,9.15,0.97,1,125.9,6.13,0
2091,Afghanistan,10,8.11,9.36,0.61,1,127.5,6.67,0
2092,India,8,9.42,8.72,0.33,1,117.9,8.28,0
2092,Australia,4,9.13,8.37,0.84,2,115.6,8.12,1
2092,England,8,7.26,7.7,0.31,4,148.2,8.29,0
2092,Pakistan,4,8.75,8.64,0.39,5,132.1,6.69,0
2092,New Zealand,3,8.05,7.78,0.71,0,129.0,7.76,0
2092,South Africa,5,9.01,6.63,0.62,2,119.2,7.66,0
2092,West Indies,1,9.03,7.88,0.47,4,143.1,8.69,0
2092,Sri Lanka,1,7.58,7.77,0.6,1,160.5,6.58,0
2092,Bangladesh,6,6.71,8.3,0.83,1,139.7,6.37,0
2092,Afghanistan,4,8.06,7.5,0.87,4,116.3,7.3,0
2093,India,2,8.08,8.3,0.59,3,136.2,7.0,0
2093,Australia,6,6.67,8.49,0.53,3,134.6,8.8,0
2093,England,4,8.73,9.15,0.77,1,131.2,7.32,0
2093,Pakistan,7,8.93,6.93,0.59,5,149.4,9.23,0
2093,New Zealand,2,8.28,8.85,0.7,4,149.4,7.69,0
2093,South Africa,10,7.75,9.13,0.74,4,126.1,8.73,0
2093,West Indies,8,9.42,8.46,0.75,5,145.3,8.9,0
2093,Sri Lanka,9,7.93,9.39,0.5,4,137.5,8.0,1
2093,Bangladesh,4,7.14,8.99,0.43,3,128.4,9.19,0
2093,Afghanistan,1,7.13,7.97,0.94,2,115.9,8.9,0
2094,India,6,7.17,6.89,0.55,4,163.8,8.5,1
2094,Australia,9,7.51,9.38,0.82,4,157.8,8.15,0
2094,England,6,6.67,6.69,0.51,2,155.8,6.51,0
2094,Pakistan,8,7.18,8.92,0.34,5,146.3,7.11,0
2094,New Zealand,3,7.26,7.2,0.78,4,138.5,7.13,0
2094,South Africa,1,6.85,8.21,0.77,4,164.8,6.13,0
2094,West Indies,4,8.46,8.0,0.79,0,134.3,8.75,0
2094,Sri Lanka,2,8.44,7.15,0.55,1,139.8,9.34,0
2094,Bangladesh,4,8.34,8.19,0.43,2,163.8,6.48,0
2094,Afghanistan,4,8.6,8.11,0.88,3,116.2,6.82,0
2095,India,8,8.8,8.26,0.6,3,115.7,6.06,0
2095,Australia,5,7.35,7.91,0.94,2,148.5,8.14,0
2095,England,4,7.82,9.26,0.95,5,120.3,7.29,0
2095,Pakistan,2,6.9,8.7,0.92,3,153.2,6.49,0
2095,New Zealand,1,8.15,8.18,0.51,1,152.7,6.53,0
2095,South Africa,5,8.85,9.41,0.58,4,121.5,9.17,0
2095,West Indies,6,7.19,8.04,0.74,2,164.5,7.52,1
2095,Sri Lanka,7,7.73,6.99,0.96,1,157.8,9.47,0
2095,Bangladesh,6,8.12,9.23,0.82,3,116.9,6.17,0
2095,Afghanistan,4,9.03,6.95,0.77,2,120.9,9.02,0
2096,India,10,6.7,7.11,0.31,1,117.1,6.31,0
2096,Australia,5,8.42,9.18,0.38,0,130.7,8.52,0
2096,England,5,9.3,9.04,0.82,0,156.1,7.47,0
2096,Pakistan,9,8.51,6.59,0.76,1,123.5,7.23,0
2096,New Zealand,5,8.01,7.35,0.62,1,141.3,6.14,1
2096,South Africa,1,9.24,7.23,0.44,2,116.1,8.82,0
2096,West Indies,7,8.68,7.73,0.86,3,147.9,8.88,0
2096,Sri Lanka,8,8.5,9.31,0.67,4,140.6,7.98,0
2096,Bangladesh,2,7.47,8.83,0.44,4,131.5,8.7,0
2096,Afghanistan,3,9.48,9.1,0.47,0,115.0,8.56,0
2097,India,1,9.35,6.93,1.0,3,124.6,7.53,0
2097,Australia,1,6.61,8.63,0.53,3,128.9,8.13,0
2097,England,6,6.63,6.63,0.85,2,148.0,8.38,0
2097,Pakistan,7,8.48,8.42,0.96,1,132.4,8.43,0
2097,New Zealand,5,9.46,8.25,0.86,5,145.3,6.24,0
2097,South Africa,6,7.38,7.3,0.36,4,131.7,9.45,0
2097,West Indies,7,8.7,7.58,0.43,0,139.7,7.94,0
2097,Sri Lanka,10,6.71,7.35,0.63,2,121.7,6.05,1
2097,Bangladesh,9,7.68,9.25,0.69,2,122.5,8.13,0
2097,Afghanistan,5,8.69,8.29,0.48,3,120.0,8.97,0
2098,India,3,6.58,6.58,0.78,3,121.4,6.54,0
2098,Australia,6,8.62,8.88,0.99,1,161.1,7.99,0
2098,England,6,7.85,8.3,0.69,2,158.0,9.29,0
2098,Pakistan,10,8.73,8.06,0.53,4,160.2,9.49,0
2098,New Zealand,1,7.66,7.41,0.41,0,123.4,6.98,0
2098,South Africa,10,8.84,9.42,0.5,0,146.4,7.93,0
2098,West Indies,3,6.98,7.06,0.8,4,147.6,6.26,1
2098,Sri Lanka,10,6.83,6.99,0.7,0,125.5,6.43,0
2098,Bangladesh,6,6.81,7.31,0.79,3,159.7,7.11,0
2098,Afghanistan,1,8.75,7.5,1.0,2,141.6,8.05,0
2099,India,8,8.89,6.52,0.99,5,115.8,9.19,1
2099,Australia,9,6.9,8.91,0.74,3,140.2,9.37,0
2099,England,6,8.98,8.24,0.94,3,122.4,7.94,0
2099,Pakistan,3,7.65,9.43,0.55,5,120.6,7.52,0
2099,New Zealand,1,7.52,7.18,0.5,2,120.6,8.85,0
2099,South Africa,10,7.28,6.67,0.5,3,118.4,6.29,0
2099,West Indies,8,7.15,8.98,0.55,1,156.2,7.27,0
2099,Sri Lanka,4,6.87,8.61,0.89,5,115.3,8.46,0
2099,Bangladesh,5,7.22,6.77,0.81,3,120.4,9.45,0
2099,Afghanistan,9,7.0,6.6,0.38,1,158.3,6.18,0
